nome_empresa,setor,segmento_especifico,site_rede_social,evidencia_plano,evidencia_porte,nivel_confianca,fontes,cargo_alvo_linkedin
Smart Fit,Academias/Fitness,"Academia low-cost, maior rede da América Latina",smartfit.com.br,"Mensalidades a partir de R$119,90 (smartfit.com.br/planos)","984 unidades no Brasil, 2.084 em 16 países, 5,2 milhões de clientes; empresa listada na bolsa (SMFT3)",Alta,smartfit.com.br/planos; blog.sistemapacto.com.br/maiores-redes-de-academias-do-brasil,Diretor(a) de Expansão/Franquias; CEO/Fundador; Diretor(a) Comercial (matriz)
Bluefit,Academias/Fitness,Academia low-cost,bluefit.com.br,"Planos entre R$119,90 e R$189,90 (site oficial)","~215 unidades em 18 estados/90 cidades; capital aberto na B3 (BFFT3); receita líquida R$217,5 mi em 2022 (+92% a/a)",Alta,blog.sistemapacto.com.br; exame.com/invest/mercados/mubadala-compra-51-da-rede-de-academias-bluefit,Diretor(a) de Expansão/Franquias; CEO/Fundador; Diretor(a) Comercial (matriz)
Selfit Academias,Academias/Fitness,"Academia HVLP (high value, low price)",selfitacademias.com.br,"Planos a partir de R$99,90-R$219,90 (selfitacademias.com.br/planos)",183 academias (37 franquias + 146 próprias) fim de 2025; faturamento de R$330 milhões em 2024,Alta,exame.com/negocios/como-ele-transformou-o-mercado-de-academias-no-nordeste; selfitacademias.com.br/planos,Diretor(a) de Expansão/Franquias; CEO/Fundador; Diretor(a) Comercial (matriz)
Panobianco,Academias/Fitness,Academia low-cost/franquia,panobiancoacademia.com.br,"Planos Orange/Platinum de R$119,90 a R$139,90",~400 unidades ativas; faturamento R$800 milhões em 2025; meta 1.000 academias até 2028,Alta,seudinheiro.com/2026/empresas/panobianco; panobiancosatelite.com.br/planos,Diretor(a) de Expansão/Franquias; CEO/Fundador; Diretor(a) Comercial (matriz)
Skyfit Academia,Academias/Fitness,Academia low-cost/franquia,skyfitacademia.com,"Planos de R$99,90 a R$139,90","Mais de 600 unidades no Brasil, 2ª maior rede do país por número de unidades",Alta,skyfitacademia.com/franqueados; seudinheiro.com/2026/empresas/panobianco,Diretor(a) de Expansão/Franquias; CEO/Fundador; Diretor(a) Comercial (matriz)
Academia Gaviões,Academias/Fitness,Academia 24h/franquia,academiagavioes.com.br,Mensalidades divulgadas em campanhas promocionais nas unidades/redes sociais,"Mais de 100 unidades, 380 mil alunos ativos, faturamento anual acima de R$300 milhões; melhor franquia fitness do país (ABF 2024)",Alta,jornaldobras.com.br/noticia/81477; brazileconomy.com.br/empresas/2025/10,Diretor(a) de Expansão/Franquias; CEO/Fundador; Diretor(a) Comercial (matriz)
Bio Ritmo,Academias/Fitness,Academia premium (marca do grupo Smart Fit),bioritmo.com.br,Planos premium divulgados por unidade (checkout/app da rede),"~35 unidades de alto padrão; parte do Grupo Smart Fit, histórico de expansão para América Latina",Média,blog.sistemapacto.com.br; saudedigitalnews.com.br/09/10/2024,Diretor(a) de Expansão/Franquias; CEO/Fundador; Diretor(a) Comercial (matriz)
Bodytech Company (Bodytech + Fórmula),Academias/Fitness,Academia premium/franquia,bodytech.company,Planos por unidade (site institucional),90-100 unidades somando as duas bandeiras; balanços publicados (relação com investidores),Média,medias.bodytech.company/balances/Balanco_BT_2019.pdf; blog.sistemapacto.com.br,Diretor(a) de Expansão/Franquias; CEO/Fundador; Diretor(a) Comercial (matriz)
Cia Athletica,Academias/Fitness,Academia premium/completa,ciaathletica.com.br,Planos por unidade (checkout site institucional),16-17 unidades premium de grande porte físico; receita de ~R$140-150 milhões/ano (2023-2024),Média,ciaathletica.com.br/relacao_unidades.html; istoedinheiro.com.br/cia-athletica-entra-em-forma,Diretor(a) de Expansão/Franquias; CEO/Fundador; Diretor(a) Comercial (matriz)
Velocity (Studio Velocity),Academias/Fitness,Estúdio de spinning/boutique fitness,velocity.com.br,Ticket médio alto por aula/plano mensal (divulgado nas unidades),"82-108 unidades; faturamento R$35,6 mi e lucro R$10,1 mi (12 meses até abr/2024); adquirida pela Smart Fit por R$163-183 mi",Alta,cnnbrasil.com.br/economia/negocios/smart-fit-anuncia-compra-da-rede-de-academias-velocity; braziljournal.com/smartfit-paga-r-183-milhoes-pela-velocity,Diretor(a) de Expansão/Franquias; CEO/Fundador; Diretor(a) Comercial (matriz)
Pratique Fitness,Academias/Fitness,Academia regional (maior rede de MG),pratiquefitness.com.br,Planos e checkout online (novo.pratiquefitness.com.br),Mais de 130 unidades em MG/SC/ES/PR + expansão internacional (EUA/Argentina); +2.500 funcionários,Média,pratiquefitness.com.br/en/sobre-a-pratique; diariodocomercio.com.br/negocios/pratique-academia-planeja-chegar-a-200-unidades-em-2025,Diretor(a) de Expansão/Franquias; CEO/Fundador; Diretor(a) Comercial (matriz)
Pure Pilates,Academias/Fitness,Rede de estúdios de Pilates,purepilates.com.br,Plano Power R$399/mês (12 meses) ou R$439/mês sem fidelidade,"Maior rede de Pilates da América Latina, entre 260 e 462 studios; ~14 mil alunos, faturamento médio de R$6,5 mi/mês (~R$80 mi/ano)",Alta,exame.com/negocios/ele-vendia-trufas-e-hoje-fatura-r-80-milhoes; purepilates.com.br/quanto-custa-pilates,Diretor(a) de Expansão/Franquias; CEO/Fundador; Diretor(a) Comercial (matriz)
VOLL Pilates Studios,Academias/Fitness,Rede de estúdios de Pilates/franquia,vollstudios.com.br,Mensalidades a partir de ~R$146/semana (variável por studio),"102 unidades no Brasil (dez/2025); +500 mil clientes atendidos historicamente; grupo faturou R$13,3 mi em 2018 (dado antigo)",Média,guiafranquiasdesucesso.com/franquias/voll-pilates-studios; exame.com/pme/como-ele-foi-do-telemarketing-a-uma-rede-de-pilates-que-fatura-r-13-mi,Diretor(a) de Expansão/Franquias; CEO/Fundador; Diretor(a) Comercial (matriz)
Cross Life,Academias/Fitness,Rede de box de CrossFit/treinamento funcional,crosslifeteam.com.br,Mensalidades competitivas divulgadas por unidade (redes sociais),Mais de 250 unidades em 18 estados do Brasil,Média,crosslifeteam.com.br/abra-uma-unidade; autoridadecross.com.br,Diretor(a) de Expansão/Franquias; CEO/Fundador; Diretor(a) Comercial (matriz)
Cross Xperience,Academias/Fitness,Rede de franquias de treinamento funcional/cross,crossxperience.com.br,Mensalidades divulgadas por unidade franqueada,Mais de 350 franqueados/unidades,Baixa,franquia.crossxperience.com.br,Diretor(a) de Expansão/Franquias; CEO/Fundador; Diretor(a) Comercial (matriz)
My Box,Academias/Fitness,Rede de academias/box de treinamento funcional,myboxoficial.com.br,Mensalidades divulgadas por unidade,"Mais de 150 unidades pelo Brasil, +50 mil alunos ativos",Baixa,myboxoficial.com.br,Diretor(a) de Expansão/Franquias; CEO/Fundador; Diretor(a) Comercial (matriz)
Vidya Studio,Academias/Fitness,Rede de estúdios de Hot Yoga/franquia,vidyastudio.com.br,Investimento inicial a partir de R$1.020.000 por franquia; mensalidades divulgadas por studio,"Mais de 35 studios no Brasil, Guatemala e Portugal — porte de R$300k+/mês incerto",Baixa,vidyastudio.com.br/franquias; hub.vidyastudio.com.br/franquia,Diretor(a) de Expansão/Franquias; CEO/Fundador; Diretor(a) Comercial (matriz)
Sorridents Clínicas Odontológicas,Clínicas/Estética,Rede de clínicas odontológicas (franquia),sorridents.com.br,"Plano odontológico próprio por R$19,90/mês, fidelidade mínima de 1 ano","200+ unidades no Brasil, +8 milhões de clientes atendidos, investimento de R$10 mi (+R$40 mi previstos)",Alta,abimed.org.br/noticias/sorridents-lanca-plano-odontologico-proprio-2; sorridents.com.br,Sócio(a)/Diretor(a) da rede; Diretor(a) de Marketing/Franquias; CEO
OdontoCompany,Clínicas/Estética,Rede de clínicas odontológicas (franquia),odontocompany.com,Pacotes/planos próprios com valores abaixo de mercado,+1.900 a 2.000 unidades em todo o país,Média,odontocompany.com; franquiaodontologica.com/odontocompany,Sócio(a)/Diretor(a) da rede; Diretor(a) de Marketing/Franquias; CEO
Botoclinic,Clínicas/Estética,Rede de clínicas de harmonização facial (franquia),botoclinic.com,"B.Club: adesão R$199,90 + 12 parcelas mensais fixas, 4 aplicações de toxina botulínica/ano","110-270 unidades no Brasil, faturamento de franqueados cresceu +500%",Alta,botoclinic.com/b-club; exame.com/negocios/ela-criou-imperio-estetica-harmonizacao-facial-300-milhoes,Sócio(a)/Diretor(a) da rede; Diretor(a) de Marketing/Franquias; CEO
Royal Face,Clínicas/Estética,Rede de clínicas de harmonização facial (grupo SMZTO),royalface.com.br,"""Carnê da Beleza"": financiamento parcelado em até 24x para procedimentos","270+ unidades, faturamento recorde de R$300 milhões/ano (2025), ~2 milhões de procedimentos",Média,exame.com/negocios/o-carne-da-beleza-e-os-r-300-milhoes-da-royal-face; abfexpo.com.br/imprensa/royal-face-mira-350-unidades,Sócio(a)/Diretor(a) da rede; Diretor(a) de Marketing/Franquias; CEO
Pello Menos,Clínicas/Estética,"Rede de institutos de depilação (cera/laser), franquia",pellomenos.com.br,"""Assinatura VIP"" mensal, débito recorrente, até 38% desconto","350+ unidades, faturamento de R$177 milhões em 2024 (~R$14,7 mi/mês)",Alta,portaldofranchising.com.br/historias-do-franchising/franquias-de-depilacao-negocio-milionario; pellomenos.com.br/assinatura-vip-cuidados-com-desconto,Sócio(a)/Diretor(a) da rede; Diretor(a) de Marketing/Franquias; CEO
belle.club (Instituto Embelleze),Clínicas/Estética,Clube de assinatura de salão de beleza,belle.club,"Planos belle.infinity e belle.premium, mensalidade fixa para uso ilimitado",+350 unidades via parceria com Instituto Embelleze (rede com 232-360 franquias),Média-Alta,mapadasfranquias.com.br/franquia/belle-club; brazilbeautynews.com/instituto-embelleze-e-belle-club,Sócio(a)/Diretor(a) da rede; Diretor(a) de Marketing/Franquias; CEO
Bessie Beauty Club,Clínicas/Estética,"Rede ""fast beauty"" com clube de assinatura",site institucional/Instagram,Clube de assinaturas com planos de R$112 a mais de R$400/mês,"21 unidades, faturamento de R$16,7 milhões, projeção R$30 mi em 2026, Selo ABF Excelência 2026",Alta,suafranquia.com/noticias/2026/05/bessie-beauty-club-clube-assinatura-35-lojas; moneyreport.com.br/negocios/bessie-beauty-club,Sócio(a)/Diretor(a) da rede; Diretor(a) de Marketing/Franquias; CEO
Facebeauty,Clínicas/Estética,Rede de clínicas de estética corporal e facial (franquia),facebeauty.com.br,"FB.Club: R$179,90/mês (12x), 2 aplicações de botox/ano","Meta de 3.000 assinantes até fim de 2024, rede nacional de unidades",Média,facebeauty.com.br/blog/post/facebeauty-lanca-seu-clube-de-assinatura-de-botox-o-fbclub,Sócio(a)/Diretor(a) da rede; Diretor(a) de Marketing/Franquias; CEO
dr.consulta,Clínicas/Estética,Rede de clínicas médicas populares (inclui odontologia),drconsulta.com,"""Assinatura dr.consulta"": 20% desconto em odontologia + avaliação odontológica inclusa","60+ clínicas em SP/RJ/BH, faturamento de R$225-320 milhões/ano, aportes de R$300+ mi",Média,neofeed.com.br/startups/com-aporte-de-r-170-milhoes-dr-consulta; drconsulta.com/conteudo/assinatura-dr-consulta,Sócio(a)/Diretor(a) da rede; Diretor(a) de Marketing/Franquias; CEO
GiOlaser,Clínicas/Estética,Rede de clínicas de depilação a laser e estética (franquia),giolaser.com.br,Vendas por pacotes fechados de sessões (assinatura recorrente não confirmada),"400 unidades em 21 estados, faturamento de R$200-250 milhões/ano",Baixa,exame.com/negocios/franquia-de-depilacao-de-giovanna-antonelli-chega-a-400-clinicas; suafranquia.com/noticias/2023/11/franquia-giolaser-soma-400-unidades,Sócio(a)/Diretor(a) da rede; Diretor(a) de Marketing/Franquias; CEO
Magrass,Clínicas/Estética,Rede de clínicas de emagrecimento e estética avançada (franquia),magrassfranchising.com.br,"""Magrass Club"" (app com conteúdo/receitas) — evidência fraca de assinatura recorrente","383 unidades, faturamento médio de R$130-200 mil/mês por unidade franqueada",Baixa-Média,guiafranquiasdesucesso.com/noticias/magrass-busca-franqueados; franquias.converlab.com.br/franquia-magrass,Sócio(a)/Diretor(a) da rede; Diretor(a) de Marketing/Franquias; CEO
Emagrecentro,Clínicas/Estética,Rede de clínicas de emagrecimento (franquia),emagrecentro.com.br,"""Clube Emagrecentro"" com site próprio; preços não encontrados publicamente",400+ unidades em 20 estados brasileiros,Baixa-Média,abf.com.br/rede-emagrecentro-conta-com-150-lojas-em-20-estados-brasileiros; clubemagrecentro.com.br,Sócio(a)/Diretor(a) da rede; Diretor(a) de Marketing/Franquias; CEO
Onodera,Clínicas/Estética,Rede de clínicas de estética facial e corporal (franquia),onodera.com.br,Nenhuma evidência específica de plano de assinatura mensal encontrada,"57+ clínicas no Brasil e Europa, 45 anos de mercado",Baixa,onodera.com.br/blog-franquias/onodera-completa-40-anos,Sócio(a)/Diretor(a) da rede; Diretor(a) de Marketing/Franquias; CEO
Natalia Beauty,Clínicas/Estética,Rede de clínicas de estética facial (franquia),nataliabeauty.com.br,"""Croma Beauty"": clube de assinatura B2B de equipamento a laser por R$3.000/mês (para clínicas parceiras)","Meta de 500 unidades em 5 anos, investimento a partir de R$232 mil por unidade",Baixa,exame.com/negocios/natalia-beauty-anuncia-franquia-com-procedimentos-a-partir-de-r-600; negociosdebeleza.beautyfair.com.br/natalia-beauty-lanca-clube-de-assinatura-de-laser,Sócio(a)/Diretor(a) da rede; Diretor(a) de Marketing/Franquias; CEO
Hub Odonto,Clínicas/Estética,"Rede de franquias odontológicas ""por assinatura""",hubodonto.rocketfranchise.com.br,"Franqueado paga R$3.990/mês fixo (modelo de assinatura para o franqueado, não paciente)",Fundada em 2018; escala pública limitada,Baixa,mapadasfranquias.com.br/noticia/hub-odonto-inova-e-chega-ao-mercado-odontologico,Sócio(a)/Diretor(a) da rede; Diretor(a) de Marketing/Franquias; CEO
Fisioforma / Botuclub,Clínicas/Estética,Clínicas de estética avançada com clube de assinatura de toxina botulínica,fisioforma.com.br,"Botuclub: R$149/mês (12x), 2 aplicações de botox/ano + retoques","Rede pequena (unidades em Ribeirão Preto, SP-Pacaembu, São Carlos, Franca, Poços de Caldas)",Baixa,fisioforma.com.br/botuclub-clube-de-toxina-botulinica; botuclub.com.br,Sócio(a)/Diretor(a) da rede; Diretor(a) de Marketing/Franquias; CEO
Wizard by Pearson,EdTech/Escolas,Rede de escolas de idiomas (franquia),wizard.com.br,Mensalidade ~R$277-742/mês (varia por unidade); promoção 1ª mensalidade R$99 + 12x R$279,"Maior rede de idiomas do Brasil, +1.250 unidades, faturamento médio de R$120 mil/mês por unidade",Alta,moneytimes.com.br/veja-7-franquias-de-escolas-de-idiomas-para-faturar-ate-r-120-mil-por-mes; wizardidiomas.com.br/quanto-custa-o-curso-de-ingles-na-wizard,CEO/Fundador; CMO/Diretor de Marketing; Diretor(a) de Growth
CNA Idiomas,EdTech/Escolas,Rede de escolas de idiomas (franquia),cna.com.br,"Plano CNA Go: Gold R$199/mês, Silver R$65/mês; presencial ~R$155-263/mês","727-740 unidades, ~400 mil alunos/ano, faturamento médio ~R$85 mil/mês por unidade",Alta,infomoney.com.br/business/cna-amplia-alcance-com-escolas-no-interior-do-brasil; compareescolas.com.br/cna-e-bom,CEO/Fundador; CMO/Diretor de Marketing; Diretor(a) de Growth
Fisk Idiomas,EdTech/Escolas,Rede de escolas de idiomas (franquia),fisk.com.br,Matrícula e planos mensais divulgados por unidade franqueada,+730-1.000 unidades no Brasil e exterior; faturamento médio ~R$54 mil/mês por unidade,Média,franquias.converlab.com.br/franquia-fisk; exame.com/pme/franquias-de-ensino-de-idioma,CEO/Fundador; CMO/Diretor de Marketing; Diretor(a) de Growth
CCAA,EdTech/Escolas,Rede de escolas de idiomas (franquia),ccaa.com.br,Planos de mensalidade divulgados no site,+700 unidades no Brasil; faturamento médio ~R$35 mil/mês por unidade,Média,guiadefranquiasbrasil.com.br/franquia-ccaa; moneytimes.com.br/confira-8-franquias-de-escolas-de-idiomas,CEO/Fundador; CMO/Diretor de Marketing; Diretor(a) de Growth
Yázigi Internexus,EdTech/Escolas,Rede de escolas de idiomas (franquia),yazigi.com.br,Mensalidade não divulgada publicamente por unidade,402 unidades; faturamento médio ~R$85 mil/mês por unidade,Alta,suafranquia.com/franquias/servicos-educacionais/cursos/franquia-yazigi; exame.com/pme/franquia-yazigi-exige-investimento-de-r-115-mil,CEO/Fundador; CMO/Diretor de Marketing; Diretor(a) de Growth
inFlux English School,EdTech/Escolas,Rede de escolas de idiomas (franquia digital/presencial),influx.com.br,Planos e mensalidade divulgados via materiais de franquia,"148-150 unidades, +50 mil alunos, faturamento médio ~R$98 mil/mês por unidade; 17x Selo de Excelência ABF",Alta,portaldofranchising.com.br/franquias/escola-de-idiomas-em-expansao; franquia.com.br/franquia/influx,CEO/Fundador; CMO/Diretor de Marketing; Diretor(a) de Growth
Cultura Inglesa,EdTech/Escolas,Rede de escolas de idiomas,culturainglesa.com.br,Mensalidades e matrículas divulgadas por unidade regional,"60-100 unidades, +80 mil alunos, 500 professores; expansão para educação básica bilíngue",Média,jornaldobras.com.br/noticia/127232/cultura-inglesa-entra-na-educacao-basica,CEO/Fundador; CMO/Diretor de Marketing; Diretor(a) de Growth
Kumon Brasil,EdTech/Escolas,"Rede de reforço escolar (matemática/português/inglês), franquia",kumon.com.br,"Mensalidade ~R$150-400 por matéria, cobrada mensalmente por unidade","Maior rede de franquias de educação do Brasil, +1.600 unidades, ~200-215 mil alunos; faturamento médio ~R$36 mil/mês por unidade",Alta,kumon.com.br/blog/kumon-e-a-8-maior-rede-de-franquias-do-brasil; idinheiro.com.br/negocios/franquias/franquia-kumon,CEO/Fundador; CMO/Diretor de Marketing; Diretor(a) de Growth
School of Rock Brasil,EdTech/Escolas,Rede de escolas de música (franquia),schoolofrock.com.br,"Mensalidade de R$500 a mais de R$1.000, conforme programa","Negócio avaliado em ~R$100 milhões, meta de 200 unidades no Brasil até 2033",Alta,bloomberglinea.com.br/estilo-de-vida/hora-do-show-como-a-escola-do-rock-se-tornou-um-negocio-de-r-100-milhoes,CEO/Fundador; CMO/Diretor de Marketing; Diretor(a) de Growth
Minueto Escola de Música,EdTech/Escolas,Rede de escolas de música (franquia),minueto.com,Aulas individuais a partir de R$359/mês (R$329 no plano semestral); musicalização infantil R$349/mês,23 unidades franqueadas; faturamento médio esperado por unidade ~R$60 mil/mês,Média,franquia.com.br/franquia/minueto-escola-de-musica; minueto.com/escola,CEO/Fundador; CMO/Diretor de Marketing; Diretor(a) de Growth
Elite Musical,EdTech/Escolas,Rede de escolas de música (franquia),elitemusical.com.br,Planos de mensalidade divulgados por unidade,"Autodenominada ""maior cadeia de escolas de música do Brasil"", mas apenas ~2 mil alunos em 3 estados",Baixa,elitemusical.com.br/franquias,CEO/Fundador; CMO/Diretor de Marketing; Diretor(a) de Growth
Bateras Beat,EdTech/Escolas,Rede de escolas de música (franquia),baterasbeat.com.br,Planos de mensalidade divulgados no site de franquias,"+40 unidades em ""4 continentes"" (presença internacional dilui porte no Brasil)",Baixa,franquias.baterasbeat.com.br,CEO/Fundador; CMO/Diretor de Marketing; Diretor(a) de Growth
Gran Cursos Online,EdTech/Escolas,EdTech - cursos preparatórios para concursos (assinatura),grancursosonline.com.br,Assinatura Ilimitada ~R$99/mês,Faturamento bruto de R$465 milhões em 2024 e projeção de R$550 milhões em 2025 (aporte BTG Pactual); 366 mil alunos ativos,Alta,economicnewsbrasil.com.br/2025/06/30/gran-cursos-online; neofeed.com.br/negocios/com-dinheiro-do-btg-gran-cursos-online,CEO/Fundador; CMO/Diretor de Marketing; Diretor(a) de Growth
Descomplica,EdTech/Escolas,EdTech - pré-vestibular/concursos (assinatura mensal),descomplica.com.br,Assinaturas mensais de ~R$15 a R$60 (vestibulares/concursos); mensalidades da Faculdade Digital,"+R$110 milhões captados em rodadas, aporte de R$450 milhões para faculdade digital; ~5 milhões de estudantes/mês",Alta,exame.com/pme/descomplica-recebe-aporte-de-r-450-milhoes; braziljournal.com/descomplica-levanta-us-84-milhoes,CEO/Fundador; CMO/Diretor de Marketing; Diretor(a) de Growth
Alura (Grupo Alun),EdTech/Escolas,EdTech - cursos de tecnologia (assinatura),alura.com.br,"Planos Alura Plus/Pro/Ultra Lab (acesso anual, cobrança recorrente)",Faturamento de R$500 milhões em 2023 e R$560 milhões em 2024; 800 mil alunos ativos; meta R$1 bilhão até 2027,Alta,exame.com/bussola/alura-a-escola-de-tecnologia-com-800-mil-alunos-que-faturou-r-500-mi; forbes.com.br/forbes-money/2025/06/alura-vira-grupo-alun,CEO/Fundador; CMO/Diretor de Marketing; Diretor(a) de Growth
Estratégia Concursos,EdTech/Escolas,EdTech - cursos preparatórios para concursos (assinatura Platinum),estrategiaconcursos.com.br,Assinatura Platinum mensal recorrente no cartão,Faturamento histórico de R$205 milhões (2019); captou R$100 milhões para aquisições,Média,braziljournal.com/estrategia-concursos-levanta-r-100-mi-para-aquisicoes; exame.com/insight/qconcursos-holding-grupoq-ipo,CEO/Fundador; CMO/Diretor de Marketing; Diretor(a) de Growth
QConcursos / GrupoQ (Yduqs),EdTech/Escolas,EdTech - cursos preparatórios para concursos (assinatura),qconcursos.com,Assinaturas de cursos/questões com cobrança recorrente,"Yduqs pagou R$208 milhões pela aquisição; receita de ~R$70 milhões já em 2020, crescendo 13x em 6 anos",Média,neofeed.com.br/startups/qconcursos-da-yduqs-cria-holding-e-mira-base-de-1-milhao-de-alunos; braziljournal.com/yduqs-compra-qconcursos-sua-primeira-edtech,CEO/Fundador; CMO/Diretor de Marketing; Diretor(a) de Growth
Stoodi,EdTech/Escolas,EdTech - pré-vestibular/Enem (assinatura mensal),stoodi.com.br,"Planos Foco/Essencial/Avançado, mensalidade de R$24,90 a R$49,90",+R$110 milhões captados em rodadas de investimento; faturamento não divulgado publicamente,Baixa,exame.com/pme/como-o-negocio-deste-professor-de-fisica-ja-captou-r-110-milhoes; stoodi.com.br/login/assine/assinatura-mensal,CEO/Fundador; CMO/Diretor de Marketing; Diretor(a) de Growth
Rocketseat,EdTech/Escolas,EdTech - cursos de programação/tecnologia (assinatura Rocketseat ONE),rocketseat.com.br,Assinatura Rocketseat ONE (mensal/semestral/anual),+55 mil alunos no Brasil e no mundo; sem faturamento público divulgado,Baixa,rocketseat.com.br/assinatura; sucessosa.com.br/noticia/existe-uma-rocketseat-disponivel-para-cada-desenvolvedor,CEO/Fundador; CMO/Diretor de Marketing; Diretor(a) de Growth
V4 Company,Agências de Marketing,Consultoria/agência de marketing digital (rede de franquias),v4company.com,Ticket médio por cliente entre R$4.000 e R$7.000/mês por unidade franqueada (até R$50.000 em contas com time dedicado),"Faturamento da rede de R$219,7 milhões em 2022 (+87% a/a), 230 franquias, ~3.500 profissionais",Média,exame.com/negocios/empresa-de-marketing-digital-para-pmes-v4-cresce-87; portalinsights.com.br/perguntas-frequentes/quanto-a-v4-company-cobra,CEO/Sócio-fundador; Diretor(a) Comercial; Head de Growth
GV8 (Agência GV8),Agências de Marketing,"Marketing digital full-service (sites, tráfego pago, redes sociais)",gv8.com.br,Sem tabela pública oficial; faixa de mercado referenciada R$1.500-4.000/mês,"+5.500 clientes ativos em 27 estados/602 municípios, 19+ anos de mercado",Média,gv8.com.br/a-gv8; blog.gv8.com.br,CEO/Sócio-fundador; Diretor(a) Comercial; Head de Growth
Webcer,Agências de Marketing,"Marketing digital, vendas e performance",webcer.digital,Faixas citadas por fontes agregadas: abaixo de R$1.000/mês a partir de R$3.000/mês,"+2.300 clientes atendidos em 10 anos, unidades em Goiânia, Brasília e São Paulo",Média,webcer.digital/en/home-webcer-english; webcer.digital/en/company,CEO/Sócio-fundador; Diretor(a) Comercial; Head de Growth
Trii,Agências de Marketing,Marketing digital / mídia paga e redes sociais,trii.com.br,"""Planos personalizados"" sem tabela pública de preço fixo","50 profissionais, +200 clientes, gerencia +R$3 milhões/mês em Google Ads, GPTW desde 2018, 12+ anos",Média,trii.com.br; trii.com.br/empresa-de-marketing-digital,CEO/Sócio-fundador; Diretor(a) Comercial; Head de Growth
Monks Brasil (ex-Raccoon Marketing Digital),Agências de Marketing,Agência de performance digital de grande porte,monks.com/pt,Não publica planos/tiers públicos; contratos corporativos sob medida,"+1.600 funcionários, 200+ grandes clientes (Natura, XP, Nubank, C&A)",Baixa (plano não público),monks.com/pt/articles/raccoon-agora-e-monks; propmark.com.br/digital/agencia-de-marketing-digital-cresce-165,CEO/Sócio-fundador; Diretor(a) Comercial; Head de Growth
Cadastra,Agências de Marketing,"Agência digital híbrida (performance, tecnologia, e-commerce)",pt.cadastra.com,Sem planos/pacotes públicos com preço; modelo consultivo por projeto,"Faturamento de R$175 milhões (projeção R$245 milhões), ~1.000 funcionários em 5 países após aquisição da Maeztra",Baixa (plano não público),braziljournal.com/cadastra-faz-mais-um-ma-para-crescer-no-ecommerce; pt.cadastra.com/sobre-a-cadastra,CEO/Sócio-fundador; Diretor(a) Comercial; Head de Growth
HighSales Digital,Agências de Marketing,Tráfego pago (Google Ads/Meta Ads) e sites,highsales.digital,Fee médio informado entre R$1.500 e R$7.000/mês por cliente,"+10 mil clientes atendidos historicamente, carteira com +R$10 milhões em campanhas geridas, 20 anos de mercado",Baixa-média,highsales.digital; highsales.digital/agencia-de-trafego-pago,CEO/Sócio-fundador; Diretor(a) Comercial; Head de Growth
E-Dialog,Agências de Marketing,Marketing digital / Inbound Marketing,edialog.com.br,"Propostas de investimento personalizadas, sem tabela pública","+1.000 clientes atendidos, 3ª melhor agência de Inbound Marketing do Brasil (RD Station, 2021)",Baixa-média,edialog.com.br/agencia-de-marketing-digital; edialog.com.br/gestao-de-trafego-pago,CEO/Sócio-fundador; Diretor(a) Comercial; Head de Growth
Agência Mestre,Agências de Marketing,"SEO, Inbound Marketing, Tráfego Pago",agenciamestre.com,Sem tabela pública de preços; orçamento sob consulta,"Eleita melhor agência digital do país por 4 anos consecutivos entre +1.500 agências avaliadas, 15+ anos",Baixa (plano não público),agenciamestre.com; agenciamestre.com/servicos,CEO/Sócio-fundador; Diretor(a) Comercial; Head de Growth
Digimax,Agências de Marketing,"Marketing digital / Adtech (Google Ads, Amazon Ads)",digimaxbrasil.com.br,Sem tabela pública; opções de projeto conforme orçamento,"Google Partner Premier há 7 anos consecutivos, certificação GPTW por 3 anos (90 pontos)",Baixa,digimaxbrasil.com.br; digimaxbrasil.com.br/google,CEO/Sócio-fundador; Diretor(a) Comercial; Head de Growth
Spiner,Agências de Marketing,"Marketing digital, Google/Meta Ads",spiner.com.br,Sem tabela pública de preços; soluções conforme orçamento,"+400 clientes atendidos em 6+ anos, Google Partner certificado",Baixa,spiner.com.br/agencia-spiner; spiner.com.br/agencia-marketing-digital,CEO/Sócio-fundador; Diretor(a) Comercial; Head de Growth
Compartilha Publicidade,Agências de Marketing,Tráfego pago (Google Ads),compartilhapublicidade.com.br,"Fee fixo a partir de R$800/mês, ou % sobre verba acima de R$5.000/mês investidos","15 anos de mercado, mas fala em ""dezenas de clientes"" — porte não claramente acima de 300k/mês",Baixa,compartilhapublicidade.com.br/agencia-de-trafego-pago-quanto-custa-contratar,CEO/Sócio-fundador; Diretor(a) Comercial; Head de Growth
SPOT MKT,Agências de Marketing,Tráfego pago / marketing digital para vendas,spotmkt.com.br,Sem tabela pública de preços,"+300 empresas atendidas desde 2016, parceira oficial Kommo CRM/RD Station CRM/Pipedrive",Baixa,spotmkt.com.br; spotmkt.com.br/blog/quanto-custa-contratar-uma-agencia-de-trafego-em-2026,CEO/Sócio-fundador; Diretor(a) Comercial; Head de Growth
NP Digital Brasil,Agências de Marketing,"SEO, mídia paga, growth marketing",npdigital.com/br,Sem planos/preços públicos; atendimento por proposta,"Marca global de Neil Patel, eleita agência de busca/performance do ano (2021)",Baixa (plano não público),npdigital.com/br; npdigital.com/br/sobre,CEO/Sócio-fundador; Diretor(a) Comercial; Head de Growth
AZZ Agência de Marketing Digital,Agências de Marketing,"Marketing digital, redes sociais, tráfego pago",azzagencia.com.br,Sem tabela pública de preços confirmada,"+15 anos de mercado, atende clientes em 16 países",Baixa,azzagencia.com.br/sobre-a-agencia; azzagencia.com.br,CEO/Sócio-fundador; Diretor(a) Comercial; Head de Growth
Agência de Tráfego Pago,Agências de Marketing,Tráfego pago (Google/Meta/LinkedIn Ads),agenciadetrafegopago.com.br,Sem tabela pública de preços confirmada,"+750 clientes atendidos, 13+ anos de mercado, múltiplas unidades regionais (SP, Salvador, Cascavel, Guarulhos)",Baixa-média,agenciadetrafegopago.com.br; agenciadetrafegopago.com.br/trafego-pago,CEO/Sócio-fundador; Diretor(a) Comercial; Head de Growth
Pipefy,SaaS B2B,Automação/orquestração de processos (BPM no-code),pipefy.com,Planos Starter (grátis)/Business US$33/user/mês/Enterprise US$65/user/mês (pipefy.com/pricing),"Total captado US$149M, Series C de US$85M liderada por SoftBank (2021), ~547 funcionários",Alta,pipefy.com/pricing; tracxn.com/d/companies/pipefy; crunchbase.com/funding_round/pipefy-series-c,CEO/Fundador; CRO/VP Sales; Head de Marketing
Superlógica,SaaS B2B,"ERP vertical (condomínios, imobiliárias, assinaturas)",superlogica.com,Planos por segmento com preços mensais (superlogica.com/planos),"R$300M (Warburg Pincus, 2020) + R$150M adicional (2023); empresa lucrativa",Alta,superlogica.com/superlogica-recebe-investimento; neofeed.com.br/negocios/superlogica-atrai-mais-r-150-milhoes-da-warburg-pincus,CEO/Fundador; CRO/VP Sales; Head de Marketing
Onfly,SaaS B2B,Gestão de viagens e despesas corporativas,onfly.com.br,"Planos Starter (R$19,90/usuário/mês) e Premium (R$15,90/usuário/mês) (onfly.com.br/planos)",Rodada Série B de R$240M/US$40M liderada pela Tidemark (2025),Alta,onfly.com.br/planos; diariodocomercio.com.br/negocios/onfly-plataforma-gestao-viagens-captou-r-240-milhoes,CEO/Fundador; CRO/VP Sales; Head de Marketing
Sólides,SaaS B2B,HRTech (RH e departamento pessoal para PMEs),solides.com.br,Planos com preços mensais (solides.com.br/planos-e-precos-completos),Série B de R$530M com Warburg Pincus (maior aporte em HRTech da América Latina); +45 mil clientes,Alta,solides.com.br/planos-e-precos-completos; gescontreinamentos.com.br/solides-hrtech-das-pmes-recebe-investimento,CEO/Fundador; CRO/VP Sales; Head de Marketing
Movidesk (Zenvia Customer Cloud),SaaS B2B,Help desk / atendimento ao cliente (ticketing),movidesk.com,Página de preços e planos (movidesk.com/precos-e-planos),"Adquirida pela Zenvia por ~R$400-616M, avaliada a ~10x o ARR anual; 3 mil clientes",Alta,movidesk.com/precos-e-planos; braziljournal.com/zenvia-compra-movidesk-robustecendo-sua-plataforma-de-cx,CEO/Fundador; CRO/VP Sales; Head de Marketing
Rock Content,SaaS B2B,Marketing de conteúdo / content experience platform,rockcontent.com,"Planos a partir de R$599/mês, ticket médio ~R$1.100/mês","Série B de US$30M (2021, Unbox Capital/BTG/Crescera); +2 mil clientes globais",Média-Alta,bloomberglinea.com.br/2021/10/22/rock-content-levanta-us-30-mi; rockcontent.com/br/blog/historia-rock-content,CEO/Fundador; CRO/VP Sales; Head de Marketing
Auvo,SaaS B2B,Gestão de equipes externas / field service,auvo.com,Planos por nº de usuários (até R$1.600/mês para 100 usuários),"+4 mil empresas clientes, +40 mil usuários ativos, listada entre as 200 empresas de crescimento mais rápido do Brasil",Média-Alta,auvo.com; getapp.com/operations-management-software/a/auvo,CEO/Fundador; CRO/VP Sales; Head de Marketing
Octadesk,SaaS B2B,Atendimento conversacional (helpdesk/chat),octadesk.com,Planos Lake/River/Sea/Ocean (octadesk.com/planos-e-precos),Adquirida pela Locaweb por R$102M (2021),Média-Alta,octadesk.com/planos-e-precos; socialhub.pro/blog/octadesk-preco-e-planos-2026-comparativo-custo-beneficio,CEO/Fundador; CRO/VP Sales; Head de Marketing
ContaAzul,SaaS B2B,ERP/gestão financeira para PMEs,contaazul.com,Planos por porte de empresa (contaazul.com/planos),Processa +480 mil notas fiscais/mês e +19 mil empresas integradas; controle majoritário adquirido por investidor internacional,Média,contaazul.com/planos; capterra.com/p/190255/ContaAzul,CEO/Fundador; CRO/VP Sales; Head de Marketing
Feedz,SaaS B2B,"HRTech (clima, engajamento, avaliação de desempenho)",feedz.com.br,Planos em feedz.com.br/planos,Totvs comprou 60% por R$66M (controle); +1.000 clientes,Média,feedz.com.br/planos; startups.com.br/negocios/totvs-compra-o-controle-da-hrtech-feedz-por-r-66-mi,CEO/Fundador; CRO/VP Sales; Head de Marketing
Mercos,SaaS B2B,Software de força de vendas B2B (indústrias/distribuidoras),mercos.com,Planos Pro/Performance/Enterprise (preços sob consulta),"+6.500 clientes, movimentou R$40 bi em vendas; parte do portfólio da Nuvini (holding SaaS listada na Nasdaq)",Média,mercos.com; br.lexlatin.com/noticias/os-bastidores-da-aquisicao-da-mercos-pela-nuvini,CEO/Fundador; CRO/VP Sales; Head de Marketing
Huggy,SaaS B2B,Atendimento omnichannel (chat/WhatsApp/automação),huggy.io,Plano Avançado R$989-1.239/mês (huggy.io/pt-br/pricing),"""Ecossistema de R$200 milhões"" em 7 países (fonte única, não verificada de forma independente)",Média-Baixa,huggy.io/pt-br/pricing; blog.huggy.io/startup-de-atendimento-digital-tem-expectativa-de-quadruplicar,CEO/Fundador; CRO/VP Sales; Head de Marketing
PipeRun,SaaS B2B,CRM de vendas e funil (CXM),crmpiperun.com,Planos em crmpiperun.com/planos (4 tiers),"+1.100 empresas clientes, 7 mil agentes ativos, investimento próprio de R$10M para crescer 40% em 2026",Média-Baixa,crmpiperun.com/planos; startups.com.br/negocios/com-capital-proprio-piperun-investe-r-10m-para-crescer-40-em-2026,CEO/Fundador; CRO/VP Sales; Head de Marketing
Convenia,SaaS B2B,Software de RH e departamento pessoal,convenia.com.br,Planos Ágil/Integrado/Estratégico a partir de R$300/mês (convenia.com.br/planos),Rodadas com Anjos e Criatec II (valores não divulgados) — porte não confirmado de forma independente,Baixa,convenia.com.br/planos; capterra.com/p/191352/Convenia-HR,CEO/Fundador; CRO/VP Sales; Head de Marketing
mLabs,SaaS B2B,Gestão de redes sociais (social media management),mlabs.io,"Plano a partir de R$29,90/mês por marca (mlabs.io/en/plans)","Alega +200 mil clientes (número autodeclarado, não auditado); volume alto compensaria ticket baixo",Baixa,mlabs.io/en/plans; rdstation.com/blog/marketing/mlabs,CEO/Fundador; CRO/VP Sales; Head de Marketing
Agendor,SaaS B2B,CRM de vendas consultivas B2B,agendor.com.br,Planos a partir de R$59/mês (agendor.com.br/planos-precos),"Apenas rodada anjo pequena (R$1,2M, 2015) identificada; porte provavelmente abaixo do limiar",Baixa,agendor.com.br/planos-precos,CEO/Fundador; CRO/VP Sales; Head de Marketing
Ploomes,SaaS B2B,CRM modular (gestão comercial),ploomes.com,Planos Express/Enterprise/Platinum (R$50 a R$2.659/mês) (ploomes.com/precos),+500 clientes ativos; captações identificadas são pequenas (pré-seed R$1M) — porte incerto,Baixa,ploomes.com/precos; blog.ploomes.com/valor-do-crm,CEO/Fundador; CRO/VP Sales; Head de Marketing
TAG Livros,Clubes de Assinatura,Clube de assinatura de livros (curadoria/lançamentos),site.taglivros.com,"TAG Curadoria R$79,90/mês; TAG Inéditos R$72,90/mês + frete","~35 mil assinantes combinados (2023), pico de 60 mil em 2020; 35k x ~R$76 ≈ R$2,6 mi/mês estimado",Alta,publishnews.com.br/materias/2020/02/12/tag-reporta-crescimento-de-38-em-2019; blog.clubedeautores.com.br/2023/05,CEO/Fundador; Diretor(a) de Marketing; Head de CRM/Assinaturas
Leiturinha,Clubes de Assinatura,Clube de assinatura de livros infantis,leiturinha.com.br,"R$34,90/mês (1 livro) ou R$54,90/mês (2 livros)",Faturamento de R$137 mi (2024) e projeção de R$200 mi (2025); 340 mil cadastros ativos,Alta,epgrupo.com.br/leiturinha-bate-340-mil-criancas-leitoras-cadastradas; publishnews.com.br/materias/2024/08/16/leiturinha-completa-dez-anos,CEO/Fundador; Diretor(a) de Marketing; Head de CRM/Assinaturas
Wine.com.br (Clube Wine),Clubes de Assinatura,Clube de assinatura de vinhos,wine.com.br/clubewine,6 modalidades de assinatura (Essenciais a Wine Prime),"445 mil assinantes ativos; clube representa 36% da receita; empresa aberta na B3 (WNBR3), faturou R$576,5 mi até setembro",Alta,folhavitoria.com.br/folha-business/clube-de-assinaturas-puxa-crescimento-da-wine; neofeed.com.br/blog/home/com-brindes-mais-camaradas-a-wine-ganhou-10-mil-novos-assinantes,CEO/Fundador; Diretor(a) de Marketing; Head de CRM/Assinaturas
Evino Clube (holding Evino/Grand Cru),Clubes de Assinatura,Clube de assinatura de vinhos,clube.evino.com.br,"Evino Fresh R$67,83/mês a Evino Clube Go R$161,46/mês","Holding Evino+Grand Cru faturou R$800 mi/ano, 20 mil assinantes, 1 milhão de clientes ativos (dado da holding)",Média,ajuda.evino.com.br/hc/pt-br/articles/17834233059091-Como-funciona-o-Clube-Evino; linkedin.com/posts/lexbratt_evino-e-grand-cru-anunciam-holding-de-vinhos,CEO/Fundador; Diretor(a) de Marketing; Head de CRM/Assinaturas
Glambox (B4A),Clubes de Assinatura,Clube de assinatura de beleza/cosméticos,sua.glambox.com.br,Box mensal de cosméticos personalizada,"Mais de 110 mil assinantes ativos (2022), meta de 200 mil; investimento visando faturamento anualizado de R$90 mi",Alta,infomoney.com.br/negocios/apos-reestruturacao-dona-da-glambox-capta-investimento; startse.com/artigos/glambox-como-a-startup-transformou-beleza-em-sucesso-financeiro,CEO/Fundador; Diretor(a) de Marketing; Head de CRM/Assinaturas
UAUBox,Clubes de Assinatura,Clube de assinatura de beleza,uaubox.com.br,"Mensal R$99,90; semestral R$89,90/mês; anual R$79,90/mês",Faturou R$25 mi em 2021 (~R$2 mi/mês); 35-40 mil boxes enviadas/mês (jan/2021),Média,startupi.com.br/uaubox-quer-continuar-crescendo-no-mercado-beauty; exame.com/negocios/faturando-23-milhoes-startup-de-jundiai,CEO/Fundador; Diretor(a) de Marketing; Head de CRM/Assinaturas
Box Magenta,Clubes de Assinatura,Clube de assinatura de maquiagem/skincare (produtos full-size),boxmagenta.com.br,"Planos entre R$179,90 e R$199,90/mês","Faturou R$34 mi em 2025 (~R$2,8 mi/mês); ~20 mil assinantes",Alta,exame.com/negocios/amigos-criam-clube-de-beleza-que-fatura-r-34-mi-e-tem-parceria-com-boca-rosa,CEO/Fundador; Diretor(a) de Marketing; Head de CRM/Assinaturas
Clube do Malte,Clubes de Assinatura,Clube de assinatura de cerveja artesanal,clubedomalte.com.br,"Planos de R$36,90 a R$84,90/mês",13 mil assinantes; projeção de faturar R$25 mi/ano (~R$2 mi/mês); assinatura responde por >80% do faturamento,Alta,exame.com/pme/a-assinatura-segue-clube-do-malte-projeta-faturar-r-25-mi-apos-aquisicao,CEO/Fundador; Diretor(a) de Marketing; Head de CRM/Assinaturas
BOX.Petiko,Clubes de Assinatura,Clube de assinatura pet (petiscos/brinquedos),box.petiko.com.br,"Box mensal personalizada por porte do pet (gato/cão pequeno, médio, grande)","Autodenominado maior clube de assinatura pet do Brasil; grupo Petiko faturou R$30 mi (2024), projeção R$34,5 mi (2025), inclui fábricas/varejo",Média-alta,exame.com/negocios/o-que-e-petiko-caixas-assinatura-box-produtos-pet-cao-gato; blog.petiko.com.br/box-petiko-o-maior-clube-de-assinaturas-pet-do-brasil,CEO/Fundador; Diretor(a) de Marketing; Head de CRM/Assinaturas
Petlove (Repet / Clube Petlove),Clubes de Assinatura,Recompra recorrente de ração/produtos pet,petlove.com.br,Repet com 10% de desconto em compras recorrentes automáticas,250 mil assinaturas ativas no clube; empresa de grande porte no setor pet,Média,petlove.com.br/dicas/assinatura-petlove-mais-economia-e-comodidade-pra-voce-e-seu-pet; brasil247.com/parceiros/petlove-lanca-clube-de-descontos,CEO/Fundador; Diretor(a) de Marketing; Head de CRM/Assinaturas
Liv Up,Clubes de Assinatura,Alimentação saudável - marmitas/refeições congeladas por assinatura,livup.com.br/assinatura,Assinatura recorrente de kits de marmitas (preço variável),"Faturamento de R$270 mi em 2025 (~R$22,5 mi/mês), crescimento de 70% a/a, EBITDA de R$36 mi",Alta,bloomberglinea.com.br/negocios/liv-up-cresce-70-em-um-ano-com-marmita-caseira; exame.com/negocios/como-a-liv-up-reinventou-a-propria-receita,CEO/Fundador; Diretor(a) de Marketing; Head de CRM/Assinaturas
Localiza Meoo,Clubes de Assinatura,Assinatura de carros (aluguel + manutenção inclusa),meoo.localiza.com,Mensalidade calculada por franquia de km (1.000 a 5.000 km/mês),"""Principal benchmark"" do setor (mercado total de 180 mil veículos por assinatura no Brasil, +44% em 2024); receita do segmento cresceu 17% em 2025 dentro da Localiza (RENT3)",Média,neofeed.com.br/brand-stories/apresentado-por-localiza-meoo/na-corrida-pela-mobilidade-localiza-meoo-acelera-o-carro-por-assinatura,CEO/Fundador; Diretor(a) de Marketing; Head de CRM/Assinaturas
Coffee Mais (Clube Coffee++),Clubes de Assinatura,Clube de assinatura de café especial,coffeemais.com,"Mensal com 15% de desconto fixo + frete R$7,99; anual até 40% de desconto","~4 mil assinantes (20% do faturamento total); faturou R$16 mi no 1º ano (2021), crescimento de 42-56% em anos seguintes",Média,checkcommerce.com.br/blogs/cases/do-0-a-16-milhoes-coffee-faturamento-surpreendente-no-1-ano; diariodocomercio.com.br/negocios/coffee-quer-democratizar-consumo-cafes-especiais,CEO/Fundador; Diretor(a) de Marketing; Head de CRM/Assinaturas
Kovi,Clubes de Assinatura,Assinatura de carros (aluguel semanal/mensal com manutenção inclusa),kovi.com.br,"Modelo ""pague o que rodar"", plano anual com caução de R$1.200",10 mil assinantes Brasil+México; captou R$500 mi (US$100 mi) em rodada de investimento (dados desatualizados 2020-21),Baixa-média,infomoney.com.br/negocios/kovi-recebe-r-500-milhoes-para-ampliar-aluguel-de-carros; cnnbrasil.com.br/auto/startup-de-carros-por-assinatura-kovi-recebe-aporte-de-us-100-milhoes,CEO/Fundador; Diretor(a) de Marketing; Head de CRM/Assinaturas
Divvino - ClubeD,Clubes de Assinatura,Clube de assinatura de vinhos,divvino.com.br/clubed,"4 modalidades, 2 ou 4 garrafas/mês; Classic a partir de R$60/garrafa, Selection a partir de R$133/garrafa","Rede nacional de lojas de vinho consolidada, mas sem número de assinantes ou faturamento do clube divulgado publicamente",Baixa,divvino.com.br/blog/clubed; divvino.com.br/clubed,CEO/Fundador; Diretor(a) de Marketing; Head de CRM/Assinaturas
Diário do Chá - Clube do Chá,Clubes de Assinatura,Clube de assinatura de chás,diariodocha.com.br/o-clube,Box mensal de chás (preço não confirmado),"Autodenominado ""maior clube de assinatura de chás do Brasil"" desde 2016; crescimento de 280% na pandemia — sem faturamento público",Baixa,3talheres.com.br/clube-de-assinaturas-diario-do-cha-cresce-durante-pandemia; diariodocha.com.br/o-clube,CEO/Fundador; Diretor(a) de Marketing; Head de CRM/Assinaturas
